size,time,stdev
64,24.1,5.626327003965869
128,52.4,10.469001862641921
256,262.7,9.499122766515512
512,1711.2,290.47654332531266
1024,13421.9,2195.360332357513
2048,110650.5,13046.92491015071
